Proxies,Time
64.225.24.13:3128,1.758912
80.187.140.26:8080,3.634483
34.90.113.143:3128,2.062752
